family_id,assigned_day
0,52
1,26
2,100
3,2
4,53
5,32
6,88
7,25
8,18
9,50
10,92
11,19
12,98
13,54
14,45
15,22
16,46
17,47
18,75
19,3
20,3
21,56
22,61
23,19
24,75
25,16
26,58
27,38
28,27
29,89
30,68
31,74
32,24
33,32
34,46
35,31
36,47
37,15
38,13
39,10
40,25
41,92
42,81
43,11
44,49
45,5
46,15
47,45
48,32
49,33
50,50
51,28
52,76
53,37
54,69
55,91
56,12
57,31
58,74
59,39
60,98
61,18
62,39
63,63
64,3
65,47
66,66
67,94
68,85
69,5
70,32
71,71
72,66
73,10
74,28
75,53
76,79
77,20
78,52
79,37
80,18
81,17
82,32
83,88
84,9
85,54
86,29
87,25
88,57
89,23
90,54
91,17
92,85
93,5
94,47
95,24
96,75
97,96
98,3
99,39
100,39
101,53
102,29
103,68
104,47
105,12
106,34
107,12
108,34
109,17
110,22
111,68
112,13
113,18
114,15
115,22
116,77
117,94
118,69
119,4
120,56
121,17
122,24
123,14
124,47
125,3
126,2
127,56
128,43
129,16
130,11
131,76
132,54
133,18
134,5
135,88
136,82
137,2
138,89
139,89
140,26
141,38
142,28
143,18
144,64
145,28
146,63
147,61
148,60
149,3
150,88
151,3
152,25
153,100
154,95
155,87
156,13
157,55
158,40
159,47
160,86
161,84
162,18
163,97
164,84
165,93
166,19
167,67
168,12
169,24
170,21
171,55
172,34
173,17
174,52
175,13
176,80
177,26
178,20
179,7
180,94
181,17
182,4
183,80
184,50
185,43
186,10
187,51
188,9
189,54
190,77
191,35
192,95
193,55
194,100
195,59
196,90
197,51
198,26
199,35
200,23
201,38
202,67
203,1
204,28
205,47
206,1
207,71
208,23
209,67
210,10
211,52
212,31
213,1
214,43
215,5
216,38
217,68
218,1
219,17
220,36
221,60
222,4
223,61
224,59
225,49
226,87
227,48
228,57
229,48
230,47
231,87
232,82
233,53
234,37
235,3
236,19
237,14
238,33
239,60
240,60
241,89
242,39
243,13
244,50
245,66
246,80
247,14
248,7
249,97
250,18
251,73
252,18
253,12
254,93
255,74
256,92
257,60
258,37
259,83
260,35
261,48
262,11
263,11
264,32
265,18
266,39
267,30
268,67
269,73
270,43
271,38
272,8
273,15
274,69
275,3
276,54
277,38
278,55
279,22
280,17
281,73
282,20
283,66
284,54
285,47
286,63
287,66
288,56
289,80
290,66
291,23
292,46
293,10
294,39
295,48
296,19
297,32
298,5
299,45
300,4
301,27
302,86
303,58
304,2
305,32
306,47
307,19
308,64
309,59
310,43
311,37
312,39
313,45
314,53
315,25
316,49
317,10
318,7
319,95
320,48
321,33
322,1
323,26
324,46
325,10
326,19
327,93
328,17
329,10
330,23
331,22
332,68
333,89
334,24
335,74
336,45
337,13
338,58
339,54
340,89
341,23
342,66
343,1
344,59
345,5
346,19
347,74
348,27
349,93
350,25
351,27
352,85
353,51
354,55
355,11
356,90
357,55
358,34
359,81
360,12
361,99
362,4
363,93
364,17
365,93
366,45
367,93
368,26
369,98
370,9
371,75
372,6
373,26
374,82
375,25
376,65
377,27
378,48
379,69
380,3
381,29
382,15
383,39
384,32
385,54
386,40
387,53
388,60
389,36
390,11
391,8
392,72
393,52
394,37
395,5
396,3
397,52
398,63
399,17
400,48
401,54
402,3
403,68
404,21
405,81
406,81
407,83
408,25
409,62
410,26
411,24
412,96
413,10
414,32
415,26
416,60
417,69
418,24
419,74
420,4
421,30
422,36
423,40
424,2
425,66
426,15
427,45
428,1
429,62
430,1
431,11
432,64
433,25
434,6
435,39
436,33
437,29
438,14
439,26
440,74
441,27
442,19
443,82
444,18
445,60
446,33
447,87
448,51
449,11
450,1
451,94
452,70
453,46
454,66
455,30
456,27
457,80
458,71
459,46
460,46
461,36
462,3
463,42
464,93
465,17
466,38
467,14
468,56
469,22
470,33
471,56
472,60
473,5
474,34
475,78
476,30
477,78
478,26
479,30
480,11
481,26
482,7
483,16
484,28
485,73
486,95
487,16
488,95
489,56
490,56
491,16
492,71
493,46
494,27
495,21
496,56
497,22
498,81
499,16
500,38
501,13
502,35
503,37
504,82
505,43
506,58
507,64
508,3
509,14
510,42
511,60
512,24
513,24
514,4
515,66
516,32
517,4
518,74
519,19
520,59
521,16
522,100
523,25
524,61
525,45
526,4
527,26
528,14
529,72
530,91
531,23
532,83
533,9
534,31
535,22
536,53
537,12
538,79
539,80
540,60
541,88
542,44
543,73
544,3
545,35
546,45
547,53
548,10
549,98
550,94
551,20
552,47
553,18
554,20
555,27
556,76
557,82
558,91
559,45
560,76
561,80
562,25
563,11
564,98
565,62
566,77
567,63
568,94
569,81
570,31
571,18
572,77
573,49
574,42
575,20
576,35
577,87
578,3
579,78
580,40
581,51
582,82
583,90
584,55
585,40
586,23
587,61
588,19
589,88
590,81
591,47
592,43
593,15
594,2
595,12
596,58
597,15
598,12
599,12
600,81
601,94
602,94
603,1
604,57
605,10
606,96
607,61
608,58
609,44
610,80
611,2
612,42
613,1
614,99
615,75
616,78
617,47
618,33
619,3
620,83
621,62
622,95
623,10
624,33
625,51
626,24
627,21
628,40
629,26
630,30
631,43
632,81
633,73
634,12
635,19
636,10
637,48
638,57
639,48
640,65
641,47
642,46
643,16
644,95
645,10
646,73
647,68
648,48
649,35
650,69
651,38
652,31
653,18
654,6
655,24
656,34
657,48
658,81
659,10
660,61
661,18
662,67
663,44
664,17
665,76
666,2
667,4
668,95
669,32
670,23
671,27
672,61
673,15
674,40
675,26
676,34
677,51
678,88
679,67
680,38
681,8
682,13
683,8
684,96
685,8
686,69
687,85
688,10
689,35
690,14
691,70
692,7
693,56
694,60
695,14
696,95
697,18
698,46
699,98
700,39
701,14
702,36
703,25
704,10
705,58
706,49
707,7
708,31
709,32
710,53
711,45
712,19
713,92
714,81
715,69
716,18
717,42
718,6
719,32
720,17
721,68
722,92
723,50
724,8
725,17
726,79
727,12
728,50
729,65
730,1
731,81
732,99
733,65
734,41
735,25
736,60
737,25
738,46
739,65
740,96
741,54
742,4
743,30
744,36
745,12
746,4
747,73
748,22
749,97
750,23
751,48
752,87
753,17
754,4
755,32
756,16
757,82
758,92
759,94
760,25
761,91
762,12
763,2
764,26
765,99
766,84
767,46
768,3
769,7
770,77
771,9
772,67
773,52
774,75
775,56
776,96
777,6
778,19
779,52
780,59
781,5
782,88
783,100
784,32
785,30
786,81
787,1
788,3
789,57
790,17
791,13
792,19
793,57
794,1
795,49
796,72
797,52
798,2
799,69
800,75
801,95
802,53
803,27
804,1
805,54
806,53
807,4
808,38
809,90
810,36
811,34
812,35
813,8
814,29
815,28
816,71
817,80
818,70
819,36
820,8
821,41
822,1
823,56
824,17
825,31
826,87
827,94
828,12
829,24
830,92
831,69
832,14
833,69
834,5
835,76
836,95
837,42
838,50
839,19
840,13
841,31
842,55
843,14
844,51
845,70
846,11
847,1
848,24
849,55
850,57
851,1
852,82
853,4
854,19
855,24
856,3
857,33
858,11
859,57
860,94
861,11
862,23
863,82
864,97
865,63
866,4
867,65
868,53
869,41
870,77
871,1
872,33
873,6
874,81
875,83
876,25
877,99
878,65
879,1
880,1
881,63
882,78
883,11
884,29
885,1
886,26
887,81
888,73
889,7
890,33
891,19
892,24
893,5
894,73
895,34
896,90
897,36
898,46
899,10
900,68
901,59
902,94
903,55
904,81
905,60
906,1
907,99
908,26
909,31
910,6
911,51
912,43
913,71
914,33
915,74
916,40
917,69
918,2
919,35
920,12
921,73
922,38
923,26
924,31
925,27
926,46
927,37
928,31
929,90
930,57
931,38
932,87
933,22
934,72
935,28
936,84
937,86
938,20
939,88
940,54
941,46
942,80
943,63
944,16
945,16
946,24
947,42
948,50
949,90
950,44
951,33
952,1
953,61
954,63
955,2
956,86
957,97
958,13
959,90
960,82
961,44
962,1
963,18
964,54
965,59
966,4
967,38
968,12
969,14
970,96
971,2
972,44
973,76
974,41
975,11
976,97
977,50
978,20
979,54
980,46
981,39
982,35
983,57
984,50
985,3
986,80
987,30
988,25
989,46
990,29
991,45
992,31
993,95
994,1
995,73
996,42
997,46
998,24
999,67
1000,11
1001,52
1002,9
1003,5
1004,16
1005,75
1006,60
1007,75
1008,73
1009,60
1010,24
1011,71
1012,18
1013,54
1014,13
1015,41
1016,83
1017,30
1018,5
1019,52
1020,58
1021,40
1022,7
1023,66
1024,94
1025,66
1026,23
1027,96
1028,15
1029,16
1030,35
1031,73
1032,54
1033,15
1034,72
1035,31
1036,81
1037,59
1038,9
1039,84
1040,31
1041,81
1042,27
1043,72
1044,79
1045,1
1046,23
1047,65
1048,99
1049,25
1050,75
1051,1
1052,2
1053,75
1054,3
1055,98
1056,49
1057,94
1058,59
1059,32
1060,54
1061,8
1062,26
1063,14
1064,54
1065,59
1066,18
1067,13
1068,76
1069,96
1070,62
1071,31
1072,20
1073,22
1074,21
1075,60
1076,91
1077,56
1078,33
1079,67
1080,19
1081,19
1082,26
1083,55
1084,16
1085,59
1086,67
1087,68
1088,12
1089,74
1090,3
1091,45
1092,62
1093,75
1094,25
1095,5
1096,90
1097,100
1098,67
1099,62
1100,31
1101,74
1102,7
1103,73
1104,34
1105,97
1106,64
1107,26
1108,96
1109,26
1110,21
1111,68
1112,14
1113,32
1114,12
1115,24
1116,46
1117,3
1118,59
1119,100
1120,32
1121,80
1122,10
1123,42
1124,52
1125,3
1126,87
1127,3
1128,53
1129,27
1130,62
1131,26
1132,59
1133,23
1134,25
1135,76
1136,17
1137,99
1138,75
1139,96
1140,15
1141,39
1142,17
1143,96
1144,60
1145,65
1146,18
1147,44
1148,79
1149,36
1150,61
1151,17
1152,25
1153,16
1154,80
1155,2
1156,55
1157,40
1158,34
1159,26
1160,52
1161,32
1162,69
1163,11
1164,56
1165,11
1166,66
1167,82
1168,52
1169,2
1170,75
1171,4
1172,94
1173,49
1174,75
1175,91
1176,47
1177,43
1178,67
1179,5
1180,50
1181,16
1182,16
1183,11
1184,34
1185,100
1186,56
1187,9
1188,42
1189,26
1190,43
1191,6
1192,53
1193,49
1194,88
1195,50
1196,100
1197,94
1198,34
1199,41
1200,62
1201,39
1202,54
1203,77
1204,5
1205,58
1206,8
1207,25
1208,10
1209,18
1210,19
1211,21
1212,40
1213,87
1214,67
1215,45
1216,52
1217,45
1218,82
1219,43
1220,96
1221,50
1222,33
1223,60
1224,14
1225,58
1226,94
1227,10
1228,2
1229,81
1230,39
1231,65
1232,38
1233,29
1234,4
1235,72
1236,1
1237,93
1238,79
1239,88
1240,60
1241,66
1242,38
1243,27
1244,60
1245,91
1246,98
1247,83
1248,37
1249,23
1250,35
1251,28
1252,86
1253,95
1254,89
1255,27
1256,87
1257,71
1258,7
1259,49
1260,27
1261,57
1262,9
1263,76
1264,30
1265,29
1266,2
1267,70
1268,97
1269,91
1270,3
1271,39
1272,52
1273,34
1274,35
1275,77
1276,75
1277,93
1278,3
1279,96
1280,31
1281,11
1282,40
1283,9
1284,27
1285,80
1286,54
1287,5
1288,52
1289,60
1290,58
1291,57
1292,46
1293,45
1294,10
1295,88
1296,26
1297,2
1298,89
1299,26
1300,39
1301,43
1302,54
1303,16
1304,1
1305,96
1306,46
1307,23
1308,69
1309,14
1310,53
1311,5
1312,90
1313,92
1314,82
1315,53
1316,55
1317,71
1318,43
1319,78
1320,85
1321,77
1322,23
1323,13
1324,88
1325,34
1326,19
1327,32
1328,28
1329,5
1330,30
1331,54
1332,19
1333,81
1334,33
1335,11
1336,14
1337,54
1338,49
1339,82
1340,38
1341,16
1342,98
1343,3
1344,83
1345,99
1346,41
1347,68
1348,14
1349,2
1350,26
1351,93
1352,43
1353,85
1354,75
1355,3
1356,4
1357,41
1358,94
1359,18
1360,73
1361,93
1362,80
1363,43
1364,3
1365,26
1366,62
1367,87
1368,10
1369,48
1370,63
1371,74
1372,42
1373,74
1374,42
1375,11
1376,38
1377,17
1378,90
1379,2
1380,1
1381,59
1382,22
1383,10
1384,59
1385,87
1386,27
1387,26
1388,44
1389,45
1390,95
1391,53
1392,54
1393,86
1394,86
1395,48
1396,97
1397,80
1398,73
1399,42
1400,9
1401,70
1402,23
1403,91
1404,2
1405,38
1406,80
1407,43
1408,70
1409,32
1410,63
1411,20
1412,49
1413,33
1414,100
1415,16
1416,99
1417,47
1418,7
1419,69
1420,23
1421,17
1422,12
1423,3
1424,42
1425,46
1426,7
1427,11
1428,89
1429,51
1430,66
1431,50
1432,28
1433,81
1434,25
1435,58
1436,24
1437,88
1438,20
1439,53
1440,2
1441,58
1442,40
1443,96
1444,57
1445,87
1446,64
1447,20
1448,100
1449,88
1450,33
1451,48
1452,94
1453,60
1454,99
1455,94
1456,4
1457,79
1458,65
1459,70
1460,23
1461,80
1462,23
1463,85
1464,73
1465,67
1466,46
1467,64
1468,54
1469,40
1470,62
1471,97
1472,41
1473,41
1474,46
1475,81
1476,49
1477,20
1478,28
1479,88
1480,46
1481,96
1482,84
1483,12
1484,17
1485,44
1486,19
1487,18
1488,51
1489,32
1490,5
1491,28
1492,48
1493,40
1494,95
1495,77
1496,4
1497,8
1498,27
1499,75
1500,48
1501,20
1502,86
1503,1
1504,11
1505,52
1506,18
1507,47
1508,96
1509,46
1510,33
1511,26
1512,42
1513,99
1514,52
1515,18
1516,6
1517,49
1518,16
1519,52
1520,99
1521,15
1522,63
1523,16
1524,69
1525,80
1526,91
1527,47
1528,25
1529,12
1530,65
1531,24
1532,53
1533,83
1534,37
1535,81
1536,64
1537,2
1538,29
1539,88
1540,17
1541,7
1542,6
1543,71
1544,82
1545,15
1546,37
1547,36
1548,63
1549,94
1550,91
1551,34
1552,82
1553,6
1554,59
1555,95
1556,74
1557,26
1558,3
1559,31
1560,10
1561,67
1562,31
1563,46
1564,5
1565,29
1566,88
1567,20
1568,53
1569,45
1570,89
1571,6
1572,1
1573,12
1574,50
1575,95
1576,97
1577,15
1578,87
1579,27
1580,22
1581,1
1582,7
1583,78
1584,1
1585,51
1586,76
1587,26
1588,21
1589,2
1590,46
1591,17
1592,61
1593,51
1594,26
1595,52
1596,8
1597,46
1598,40
1599,71
1600,45
1601,14
1602,9
1603,84
1604,54
1605,46
1606,53
1607,60
1608,63
1609,18
1610,30
1611,1
1612,49
1613,95
1614,90
1615,67
1616,1
1617,83
1618,30
1619,12
1620,49
1621,81
1622,72
1623,36
1624,80
1625,68
1626,11
1627,46
1628,21
1629,4
1630,21
1631,97
1632,40
1633,85
1634,31
1635,56
1636,60
1637,1
1638,68
1639,39
1640,18
1641,36
1642,10
1643,36
1644,18
1645,53
1646,7
1647,8
1648,88
1649,87
1650,58
1651,39
1652,57
1653,88
1654,27
1655,27
1656,1
1657,35
1658,55
1659,26
1660,1
1661,7
1662,54
1663,73
1664,40
1665,21
1666,87
1667,39
1668,47
1669,92
1670,32
1671,47
1672,45
1673,100
1674,17
1675,83
1676,84
1677,12
1678,73
1679,52
1680,99
1681,69
1682,9
1683,66
1684,71
1685,73
1686,72
1687,56
1688,43
1689,34
1690,12
1691,30
1692,40
1693,17
1694,65
1695,11
1696,10
1697,23
1698,24
1699,43
1700,41
1701,21
1702,60
1703,7
1704,85
1705,90
1706,35
1707,46
1708,2
1709,15
1710,34
1711,11
1712,21
1713,1
1714,28
1715,7
1716,29
1717,89
1718,12
1719,27
1720,48
1721,5
1722,64
1723,74
1724,57
1725,84
1726,32
1727,68
1728,65
1729,31
1730,12
1731,64
1732,4
1733,66
1734,19
1735,75
1736,81
1737,12
1738,57
1739,42
1740,47
1741,25
1742,40
1743,22
1744,24
1745,36
1746,25
1747,24
1748,75
1749,85
1750,94
1751,61
1752,46
1753,26
1754,63
1755,24
1756,35
1757,29
1758,26
1759,1
1760,40
1761,16
1762,60
1763,17
1764,7
1765,49
1766,11
1767,23
1768,74
1769,27
1770,81
1771,12
1772,100
1773,23
1774,74
1775,9
1776,26
1777,1
1778,42
1779,56
1780,48
1781,9
1782,49
1783,98
1784,28
1785,66
1786,29
1787,25
1788,67
1789,90
1790,62
1791,82
1792,25
1793,68
1794,45
1795,18
1796,3
1797,82
1798,68
1799,10
1800,75
1801,42
1802,82
1803,73
1804,32
1805,100
1806,30
1807,2
1808,18
1809,11
1810,10
1811,7
1812,6
1813,34
1814,1
1815,61
1816,57
1817,7
1818,10
1819,40
1820,66
1821,38
1822,55
1823,2
1824,82
1825,90
1826,21
1827,70
1828,74
1829,50
1830,4
1831,15
1832,49
1833,67
1834,33
1835,59
1836,91
1837,2
1838,44
1839,26
1840,17
1841,34
1842,37
1843,17
1844,16
1845,3
1846,9
1847,95
1848,41
1849,74
1850,19
1851,61
1852,42
1853,34
1854,32
1855,50
1856,3
1857,59
1858,49
1859,73
1860,29
1861,99
1862,98
1863,9
1864,59
1865,61
1866,76
1867,8
1868,42
1869,87
1870,19
1871,31
1872,95
1873,63
1874,34
1875,13
1876,27
1877,7
1878,97
1879,52
1880,10
1881,32
1882,53
1883,89
1884,33
1885,21
1886,93
1887,34
1888,8
1889,90
1890,53
1891,31
1892,98
1893,17
1894,5
1895,1
1896,39
1897,29
1898,39
1899,84
1900,3
1901,89
1902,50
1903,18
1904,56
1905,38
1906,71
1907,4
1908,85
1909,76
1910,25
1911,27
1912,30
1913,69
1914,3
1915,59
1916,100
1917,60
1918,42
1919,6
1920,6
1921,48
1922,19
1923,13
1924,57
1925,33
1926,18
1927,69
1928,79
1929,26
1930,31
1931,63
1932,38
1933,33
1934,23
1935,50
1936,2
1937,32
1938,6
1939,73
1940,18
1941,32
1942,24
1943,15
1944,52
1945,27
1946,7
1947,94
1948,36
1949,33
1950,52
1951,73
1952,82
1953,89
1954,15
1955,97
1956,37
1957,59
1958,45
1959,28
1960,87
1961,73
1962,11
1963,76
1964,99
1965,17
1966,37
1967,97
1968,57
1969,67
1970,93
1971,63
1972,47
1973,90
1974,61
1975,27
1976,38
1977,17
1978,64
1979,19
1980,96
1981,32
1982,6
1983,89
1984,7
1985,14
1986,28
1987,87
1988,14
1989,17
1990,22
1991,25
1992,37
1993,96
1994,2
1995,88
1996,60
1997,48
1998,74
1999,12
2000,91
2001,36
2002,16
2003,2
2004,98
2005,54
2006,23
2007,47
2008,43
2009,59
2010,66
2011,94
2012,15
2013,22
2014,24
2015,80
2016,27
2017,35
2018,9
2019,43
2020,26
2021,99
2022,98
2023,94
2024,87
2025,10
2026,41
2027,62
2028,10
2029,74
2030,39
2031,73
2032,53
2033,50
2034,4
2035,8
2036,38
2037,4
2038,39
2039,17
2040,67
2041,28
2042,17
2043,45
2044,60
2045,40
2046,4
2047,99
2048,52
2049,78
2050,9
2051,63
2052,68
2053,91
2054,37
2055,17
2056,25
2057,44
2058,19
2059,3
2060,92
2061,25
2062,83
2063,63
2064,62
2065,24
2066,22
2067,46
2068,13
2069,27
2070,71
2071,36
2072,61
2073,34
2074,1
2075,25
2076,36
2077,88
2078,30
2079,16
2080,87
2081,21
2082,15
2083,69
2084,97
2085,27
2086,14
2087,38
2088,87
2089,13
2090,27
2091,19
2092,42
2093,53
2094,50
2095,33
2096,61
2097,68
2098,87
2099,61
2100,52
2101,38
2102,11
2103,99
2104,40
2105,26
2106,57
2107,42
2108,31
2109,8
2110,88
2111,40
2112,33
2113,68
2114,56
2115,96
2116,36
2117,84
2118,1
2119,32
2120,67
2121,16
2122,48
2123,41
2124,32
2125,9
2126,32
2127,16
2128,96
2129,77
2130,29
2131,95
2132,26
2133,1
2134,74
2135,29
2136,94
2137,17
2138,64
2139,87
2140,44
2141,36
2142,8
2143,81
2144,25
2145,70
2146,33
2147,59
2148,30
2149,31
2150,18
2151,96
2152,15
2153,24
2154,40
2155,53
2156,43
2157,76
2158,87
2159,37
2160,30
2161,44
2162,53
2163,74
2164,90
2165,12
2166,7
2167,86
2168,60
2169,11
2170,49
2171,97
2172,3
2173,93
2174,33
2175,16
2176,98
2177,57
2178,44
2179,36
2180,53
2181,80
2182,23
2183,55
2184,20
2185,66
2186,33
2187,60
2188,33
2189,58
2190,41
2191,35
2192,19
2193,65
2194,6
2195,1
2196,24
2197,52
2198,58
2199,68
2200,66
2201,47
2202,3
2203,20
2204,43
2205,31
2206,8
2207,52
2208,47
2209,32
2210,21
2211,83
2212,19
2213,99
2214,59
2215,5
2216,10
2217,68
2218,30
2219,33
2220,75
2221,89
2222,74
2223,80
2224,18
2225,33
2226,8
2227,8
2228,98
2229,14
2230,60
2231,29
2232,28
2233,5
2234,66
2235,21
2236,33
2237,91
2238,7
2239,40
2240,21
2241,26
2242,32
2243,14
2244,46
2245,24
2246,33
2247,79
2248,7
2249,28
2250,24
2251,73
2252,4
2253,82
2254,88
2255,16
2256,50
2257,64
2258,81
2259,11
2260,95
2261,33
2262,98
2263,12
2264,30
2265,45
2266,47
2267,45
2268,49
2269,15
2270,76
2271,1
2272,13
2273,85
2274,45
2275,75
2276,81
2277,93
2278,39
2279,33
2280,23
2281,40
2282,10
2283,21
2284,4
2285,70
2286,24
2287,20
2288,35
2289,31
2290,4
2291,87
2292,73
2293,23
2294,13
2295,87
2296,68
2297,18
2298,25
2299,87
2300,10
2301,74
2302,78
2303,94
2304,84
2305,14
2306,30
2307,1
2308,61
2309,58
2310,41
2311,96
2312,90
2313,100
2314,13
2315,1
2316,59
2317,100
2318,6
2319,74
2320,40
2321,75
2322,24
2323,19
2324,44
2325,81
2326,32
2327,39
2328,59
2329,6
2330,44
2331,24
2332,79
2333,1
2334,45
2335,11
2336,82
2337,5
2338,94
2339,40
2340,56
2341,10
2342,30
2343,15
2344,20
2345,35
2346,1
2347,19
2348,80
2349,45
2350,47
2351,20
2352,76
2353,22
2354,16
2355,59
2356,61
2357,72
2358,53
2359,46
2360,80
2361,26
2362,30
2363,67
2364,32
2365,51
2366,18
2367,11
2368,92
2369,20
2370,45
2371,78
2372,10
2373,73
2374,67
2375,72
2376,46
2377,4
2378,25
2379,63
2380,52
2381,18
2382,7
2383,26
2384,1
2385,8
2386,15
2387,39
2388,72
2389,18
2390,51
2391,78
2392,87
2393,52
2394,66
2395,72
2396,72
2397,70
2398,3
2399,27
2400,50
2401,53
2402,12
2403,45
2404,42
2405,59
2406,56
2407,13
2408,14
2409,48
2410,97
2411,55
2412,35
2413,94
2414,22
2415,13
2416,29
2417,68
2418,20
2419,50
2420,35
2421,27
2422,19
2423,58
2424,62
2425,59
2426,13
2427,12
2428,48
2429,41
2430,58
2431,89
2432,46
2433,2
2434,67
2435,16
2436,4
2437,37
2438,1
2439,60
2440,26
2441,45
2442,79
2443,39
2444,51
2445,23
2446,75
2447,27
2448,98
2449,58
2450,95
2451,3
2452,53
2453,85
2454,20
2455,28
2456,26
2457,12
2458,17
2459,74
2460,47
2461,13
2462,82
2463,76
2464,3
2465,12
2466,84
2467,11
2468,27
2469,46
2470,10
2471,77
2472,20
2473,37
2474,20
2475,24
2476,55
2477,66
2478,38
2479,54
2480,9
2481,10
2482,30
2483,11
2484,16
2485,61
2486,44
2487,17
2488,24
2489,2
2490,11
2491,58
2492,9
2493,53
2494,7
2495,29
2496,26
2497,89
2498,53
2499,64
2500,3
2501,40
2502,38
2503,41
2504,41
2505,88
2506,68
2507,94
2508,65
2509,59
2510,9
2511,53
2512,45
2513,95
2514,61
2515,33
2516,31
2517,31
2518,94
2519,97
2520,5
2521,20
2522,53
2523,11
2524,3
2525,59
2526,71
2527,74
2528,34
2529,78
2530,48
2531,16
2532,88
2533,80
2534,88
2535,33
2536,1
2537,9
2538,20
2539,29
2540,21
2541,12
2542,21
2543,45
2544,12
2545,10
2546,4
2547,75
2548,41
2549,81
2550,31
2551,10
2552,73
2553,19
2554,27
2555,98
2556,67
2557,37
2558,40
2559,32
2560,55
2561,34
2562,19
2563,31
2564,38
2565,64
2566,2
2567,45
2568,10
2569,2
2570,10
2571,51
2572,10
2573,12
2574,10
2575,14
2576,52
2577,75
2578,72
2579,28
2580,71
2581,59
2582,9
2583,58
2584,53
2585,48
2586,36
2587,11
2588,25
2589,79
2590,46
2591,16
2592,6
2593,33
2594,43
2595,26
2596,92
2597,59
2598,79
2599,19
2600,23
2601,90
2602,59
2603,76
2604,1
2605,30
2606,21
2607,12
2608,8
2609,63
2610,5
2611,85
2612,11
2613,42
2614,37
2615,59
2616,33
2617,14
2618,2
2619,2
2620,11
2621,33
2622,93
2623,6
2624,81
2625,24
2626,40
2627,31
2628,25
2629,16
2630,44
2631,24
2632,57
2633,80
2634,24
2635,85
2636,29
2637,19
2638,25
2639,41
2640,65
2641,83
2642,34
2643,100
2644,27
2645,50
2646,44
2647,17
2648,89
2649,81
2650,75
2651,51
2652,67
2653,37
2654,40
2655,97
2656,48
2657,12
2658,11
2659,58
2660,28
2661,90
2662,47
2663,56
2664,19
2665,55
2666,80
2667,31
2668,31
2669,89
2670,87
2671,2
2672,26
2673,12
2674,99
2675,60
2676,68
2677,2
2678,13
2679,20
2680,48
2681,15
2682,100
2683,88
2684,6
2685,71
2686,11
2687,51
2688,5
2689,52
2690,58
2691,96
2692,52
2693,76
2694,38
2695,5
2696,52
2697,54
2698,88
2699,24
2700,25
2701,79
2702,28
2703,36
2704,73
2705,56
2706,51
2707,5
2708,34
2709,96
2710,26
2711,68
2712,54
2713,67
2714,58
2715,53
2716,31
2717,9
2718,28
2719,98
2720,85
2721,70
2722,96
2723,67
2724,67
2725,31
2726,92
2727,64
2728,4
2729,35
2730,31
2731,83
2732,29
2733,67
2734,95
2735,28
2736,74
2737,28
2738,38
2739,91
2740,8
2741,90
2742,5
2743,22
2744,16
2745,59
2746,15
2747,25
2748,88
2749,81
2750,34
2751,74
2752,68
2753,2
2754,40
2755,72
2756,87
2757,44
2758,26
2759,25
2760,47
2761,40
2762,48
2763,83
2764,100
2765,88
2766,1
2767,67
2768,47
2769,62
2770,1
2771,3
2772,21
2773,40
2774,51
2775,59
2776,29
2777,34
2778,44
2779,47
2780,25
2781,9
2782,20
2783,62
2784,2
2785,82
2786,84
2787,8
2788,81
2789,88
2790,15
2791,32
2792,49
2793,46
2794,39
2795,2
2796,8
2797,41
2798,33
2799,33
2800,45
2801,84
2802,13
2803,85
2804,89
2805,54
2806,3
2807,77
2808,17
2809,45
2810,20
2811,20
2812,10
2813,11
2814,36
2815,9
2816,19
2817,53
2818,61
2819,47
2820,11
2821,74
2822,16
2823,29
2824,60
2825,88
2826,81
2827,56
2828,59
2829,38
2830,10
2831,60
2832,68
2833,3
2834,38
2835,3
2836,18
2837,83
2838,4
2839,61
2840,74
2841,11
2842,16
2843,3
2844,53
2845,59
2846,38
2847,18
2848,100
2849,31
2850,74
2851,19
2852,18
2853,89
2854,57
2855,22
2856,17
2857,87
2858,3
2859,32
2860,13
2861,82
2862,89
2863,16
2864,47
2865,86
2866,10
2867,31
2868,94
2869,1
2870,80
2871,43
2872,89
2873,1
2874,5
2875,13
2876,82
2877,59
2878,17
2879,4
2880,47
2881,77
2882,17
2883,32
2884,28
2885,39
2886,88
2887,50
2888,98
2889,13
2890,53
2891,99
2892,2
2893,35
2894,81
2895,72
2896,11
2897,74
2898,17
2899,54
2900,45
2901,20
2902,70
2903,82
2904,58
2905,33
2906,13
2907,95
2908,41
2909,29
2910,66
2911,2
2912,3
2913,96
2914,47
2915,12
2916,24
2917,34
2918,28
2919,47
2920,61
2921,48
2922,24
2923,26
2924,28
2925,4
2926,45
2927,9
2928,42
2929,27
2930,86
2931,11
2932,83
2933,29
2934,17
2935,43
2936,79
2937,10
2938,29
2939,40
2940,38
2941,54
2942,53
2943,62
2944,15
2945,39
2946,32
2947,93
2948,47
2949,38
2950,32
2951,78
2952,75
2953,1
2954,61
2955,99
2956,36
2957,2
2958,4
2959,8
2960,2
2961,27
2962,46
2963,78
2964,34
2965,42
2966,98
2967,31
2968,63
2969,13
2970,13
2971,7
2972,94
2973,18
2974,37
2975,35
2976,82
2977,23
2978,12
2979,81
2980,44
2981,6
2982,32
2983,45
2984,25
2985,73
2986,26
2987,89
2988,40
2989,74
2990,36
2991,67
2992,81
2993,96
2994,64
2995,39
2996,58
2997,94
2998,28
2999,60
3000,82
3001,67
3002,39
3003,94
3004,92
3005,39
3006,84
3007,67
3008,100
3009,73
3010,47
3011,12
3012,5
3013,75
3014,17
3015,22
3016,60
3017,96
3018,14
3019,77
3020,17
3021,69
3022,4
3023,23
3024,24
3025,4
3026,47
3027,68
3028,25
3029,73
3030,97
3031,28
3032,52
3033,27
3034,3
3035,41
3036,19
3037,93
3038,46
3039,80
3040,49
3041,26
3042,14
3043,48
3044,4
3045,88
3046,14
3047,55
3048,1
3049,45
3050,54
3051,93
3052,96
3053,52
3054,60
3055,65
3056,96
3057,25
3058,12
3059,27
3060,52
3061,76
3062,73
3063,86
3064,83
3065,84
3066,79
3067,87
3068,95
3069,3
3070,19
3071,35
3072,35
3073,91
3074,17
3075,10
3076,73
3077,44
3078,25
3079,27
3080,85
3081,35
3082,30
3083,5
3084,18
3085,14
3086,47
3087,97
3088,77
3089,46
3090,14
3091,16
3092,2
3093,68
3094,54
3095,2
3096,39
3097,7
3098,94
3099,88
3100,99
3101,4
3102,39
3103,23
3104,89
3105,9
3106,31
3107,41
3108,97
3109,41
3110,27
3111,13
3112,9
3113,38
3114,47
3115,65
3116,1
3117,39
3118,56
3119,44
3120,51
3121,74
3122,79
3123,38
3124,62
3125,74
3126,100
3127,89
3128,63
3129,80
3130,26
3131,44
3132,45
3133,52
3134,61
3135,78
3136,71
3137,39
3138,90
3139,39
3140,81
3141,28
3142,7
3143,17
3144,94
3145,26
3146,46
3147,12
3148,9
3149,80
3150,21
3151,78
3152,47
3153,12
3154,47
3155,39
3156,1
3157,26
3158,54
3159,66
3160,1
3161,43
3162,51
3163,46
3164,64
3165,26
3166,92
3167,40
3168,100
3169,99
3170,41
3171,55
3172,7
3173,20
3174,56
3175,25
3176,28
3177,88
3178,28
3179,82
3180,83
3181,27
3182,88
3183,1
3184,55
3185,59
3186,14
3187,89
3188,25
3189,47
3190,46
3191,93
3192,91
3193,66
3194,38
3195,52
3196,33
3197,55
3198,20
3199,73
3200,24
3201,53
3202,55
3203,89
3204,27
3205,31
3206,80
3207,25
3208,45
3209,14
3210,51
3211,87
3212,1
3213,78
3214,11
3215,19
3216,38
3217,83
3218,73
3219,25
3220,1
3221,6
3222,1
3223,6
3224,95
3225,46
3226,38
3227,13
3228,45
3229,59
3230,70
3231,61
3232,62
3233,38
3234,18
3235,59
3236,26
3237,73
3238,77
3239,85
3240,8
3241,31
3242,90
3243,31
3244,9
3245,88
3246,63
3247,55
3248,18
3249,21
3250,76
3251,74
3252,29
3253,10
3254,29
3255,46
3256,90
3257,32
3258,20
3259,4
3260,84
3261,57
3262,15
3263,12
3264,49
3265,93
3266,9
3267,54
3268,52
3269,61
3270,14
3271,57
3272,50
3273,22
3274,20
3275,27
3276,36
3277,10
3278,77
3279,66
3280,14
3281,51
3282,66
3283,55
3284,20
3285,5
3286,96
3287,77
3288,26
3289,29
3290,43
3291,37
3292,89
3293,1
3294,41
3295,17
3296,65
3297,31
3298,15
3299,20
3300,43
3301,1
3302,38
3303,52
3304,33
3305,10
3306,37
3307,15
3308,4
3309,49
3310,96
3311,58
3312,17
3313,3
3314,34
3315,67
3316,94
3317,5
3318,16
3319,8
3320,5
3321,29
3322,53
3323,62
3324,40
3325,21
3326,61
3327,20
3328,62
3329,19
3330,15
3331,38
3332,98
3333,43
3334,17
3335,12
3336,55
3337,33
3338,15
3339,17
3340,39
3341,57
3342,40
3343,20
3344,39
3345,1
3346,93
3347,3
3348,91
3349,86
3350,3
3351,1
3352,15
3353,19
3354,65
3355,52
3356,96
3357,1
3358,100
3359,96
3360,15
3361,34
3362,44
3363,4
3364,5
3365,72
3366,52
3367,31
3368,51
3369,67
3370,7
3371,25
3372,70
3373,67
3374,29
3375,97
3376,68
3377,40
3378,80
3379,7
3380,46
3381,34
3382,38
3383,41
3384,46
3385,48
3386,72
3387,53
3388,6
3389,80
3390,53
3391,9
3392,17
3393,2
3394,14
3395,6
3396,98
3397,35
3398,87
3399,98
3400,90
3401,45
3402,88
3403,88
3404,39
3405,10
3406,83
3407,66
3408,77
3409,44
3410,52
3411,48
3412,51
3413,5
3414,66
3415,38
3416,19
3417,12
3418,63
3419,34
3420,92
3421,52
3422,52
3423,94
3424,52
3425,87
3426,30
3427,6
3428,24
3429,34
3430,6
3431,39
3432,28
3433,75
3434,46
3435,24
3436,49
3437,6
3438,40
3439,46
3440,38
3441,87
3442,83
3443,20
3444,34
3445,53
3446,52
3447,6
3448,37
3449,83
3450,78
3451,85
3452,25
3453,64
3454,25
3455,28
3456,97
3457,49
3458,86
3459,12
3460,79
3461,10
3462,14
3463,13
3464,81
3465,74
3466,6
3467,33
3468,4
3469,64
3470,92
3471,63
3472,24
3473,96
3474,12
3475,87
3476,59
3477,24
3478,80
3479,28
3480,10
3481,62
3482,70
3483,36
3484,65
3485,25
3486,8
3487,34
3488,90
3489,55
3490,28
3491,65
3492,89
3493,94
3494,39
3495,18
3496,38
3497,28
3498,21
3499,13
3500,93
3501,90
3502,40
3503,45
3504,1
3505,57
3506,76
3507,58
3508,89
3509,84
3510,12
3511,29
3512,4
3513,62
3514,47
3515,13
3516,75
3517,70
3518,60
3519,27
3520,54
3521,17
3522,78
3523,47
3524,36
3525,40
3526,22
3527,38
3528,29
3529,59
3530,2
3531,100
3532,21
3533,42
3534,14
3535,71
3536,97
3537,61
3538,66
3539,56
3540,93
3541,32
3542,53
3543,8
3544,49
3545,26
3546,72
3547,4
3548,5
3549,87
3550,1
3551,82
3552,59
3553,8
3554,42
3555,65
3556,18
3557,31
3558,80
3559,1
3560,5
3561,54
3562,84
3563,8
3564,94
3565,53
3566,55
3567,9
3568,1
3569,63
3570,23
3571,24
3572,88
3573,47
3574,82
3575,6
3576,18
3577,83
3578,84
3579,47
3580,32
3581,18
3582,24
3583,17
3584,77
3585,23
3586,43
3587,39
3588,28
3589,49
3590,64
3591,35
3592,67
3593,66
3594,63
3595,30
3596,59
3597,95
3598,87
3599,17
3600,77
3601,76
3602,6
3603,66
3604,38
3605,87
3606,19
3607,63
3608,36
3609,12
3610,38
3611,24
3612,28
3613,61
3614,39
3615,31
3616,75
3617,22
3618,45
3619,82
3620,36
3621,2
3622,48
3623,33
3624,4
3625,25
3626,40
3627,23
3628,81
3629,76
3630,55
3631,26
3632,88
3633,33
3634,23
3635,51
3636,87
3637,89
3638,14
3639,21
3640,90
3641,17
3642,57
3643,16
3644,42
3645,75
3646,58
3647,85
3648,43
3649,45
3650,18
3651,18
3652,69
3653,46
3654,89
3655,68
3656,24
3657,98
3658,53
3659,19
3660,24
3661,50
3662,46
3663,4
3664,66
3665,33
3666,35
3667,16
3668,16
3669,30
3670,69
3671,76
3672,5
3673,54
3674,44
3675,66
3676,32
3677,84
3678,53
3679,91
3680,84
3681,62
3682,66
3683,60
3684,32
3685,11
3686,27
3687,57
3688,13
3689,99
3690,5
3691,36
3692,4
3693,85
3694,1
3695,81
3696,6
3697,38
3698,80
3699,90
3700,24
3701,94
3702,27
3703,80
3704,60
3705,25
3706,17
3707,54
3708,80
3709,15
3710,53
3711,36
3712,21
3713,85
3714,22
3715,36
3716,11
3717,11
3718,53
3719,95
3720,22
3721,54
3722,34
3723,41
3724,62
3725,11
3726,35
3727,41
3728,3
3729,1
3730,40
3731,4
3732,17
3733,22
3734,20
3735,95
3736,16
3737,32
3738,18
3739,64
3740,58
3741,65
3742,76
3743,28
3744,82
3745,41
3746,10
3747,73
3748,11
3749,82
3750,43
3751,77
3752,43
3753,47
3754,20
3755,86
3756,13
3757,89
3758,4
3759,19
3760,23
3761,36
3762,60
3763,56
3764,27
3765,55
3766,8
3767,33
3768,45
3769,45
3770,7
3771,31
3772,49
3773,97
3774,70
3775,35
3776,80
3777,80
3778,91
3779,59
3780,36
3781,40
3782,10
3783,72
3784,99
3785,76
3786,34
3787,87
3788,68
3789,8
3790,4
3791,53
3792,38
3793,3
3794,66
3795,41
3796,18
3797,63
3798,30
3799,35
3800,15
3801,27
3802,40
3803,85
3804,42
3805,17
3806,6
3807,24
3808,61
3809,56
3810,30
3811,34
3812,38
3813,7
3814,74
3815,90
3816,69
3817,10
3818,95
3819,98
3820,69
3821,41
3822,17
3823,76
3824,89
3825,10
3826,49
3827,32
3828,9
3829,29
3830,2
3831,16
3832,2
3833,34
3834,1
3835,28
3836,40
3837,91
3838,32
3839,6
3840,12
3841,81
3842,34
3843,58
3844,9
3845,63
3846,15
3847,30
3848,55
3849,55
3850,1
3851,96
3852,2
3853,100
3854,7
3855,20
3856,38
3857,18
3858,60
3859,49
3860,87
3861,45
3862,6
3863,94
3864,61
3865,64
3866,19
3867,92
3868,3
3869,49
3870,61
3871,5
3872,99
3873,68
3874,94
3875,46
3876,33
3877,60
3878,15
3879,90
3880,91
3881,51
3882,1
3883,45
3884,11
3885,39
3886,12
3887,37
3888,38
3889,32
3890,1
3891,90
3892,4
3893,42
3894,94
3895,54
3896,55
3897,20
3898,7
3899,12
3900,45
3901,10
3902,47
3903,1
3904,21
3905,29
3906,25
3907,59
3908,39
3909,32
3910,16
3911,31
3912,23
3913,5
3914,77
3915,55
3916,2
3917,37
3918,15
3919,97
3920,81
3921,14
3922,18
3923,97
3924,42
3925,33
3926,7
3927,51
3928,82
3929,88
3930,80
3931,29
3932,17
3933,9
3934,43
3935,5
3936,80
3937,45
3938,84
3939,7
3940,48
3941,47
3942,65
3943,50
3944,99
3945,21
3946,29
3947,89
3948,97
3949,46
3950,6
3951,26
3952,37
3953,92
3954,16
3955,17
3956,60
3957,68
3958,25
3959,39
3960,20
3961,52
3962,73
3963,4
3964,80
3965,64
3966,33
3967,39
3968,21
3969,49
3970,52
3971,67
3972,1
3973,99
3974,22
3975,7
3976,73
3977,8
3978,51
3979,77
3980,36
3981,85
3982,88
3983,88
3984,74
3985,67
3986,68
3987,54
3988,34
3989,13
3990,56
3991,88
3992,5
3993,41
3994,28
3995,65
3996,2
3997,34
3998,47
3999,44
4000,20
4001,21
4002,11
4003,32
4004,89
4005,83
4006,60
4007,11
4008,13
4009,61
4010,5
4011,51
4012,68
4013,48
4014,32
4015,13
4016,21
4017,75
4018,66
4019,85
4020,87
4021,24
4022,3
4023,53
4024,48
4025,52
4026,25
4027,44
4028,26
4029,46
4030,80
4031,66
4032,50
4033,38
4034,35
4035,44
4036,96
4037,26
4038,11
4039,44
4040,76
4041,30
4042,24
4043,66
4044,5
4045,73
4046,73
4047,12
4048,29
4049,76
4050,52
4051,81
4052,5
4053,76
4054,39
4055,3
4056,9
4057,59
4058,75
4059,4
4060,67
4061,95
4062,14
4063,51
4064,11
4065,31
4066,2
4067,52
4068,29
4069,87
4070,17
4071,63
4072,14
4073,8
4074,12
4075,26
4076,44
4077,42
4078,94
4079,68
4080,11
4081,1
4082,22
4083,70
4084,14
4085,69
4086,91
4087,12
4088,95
4089,96
4090,32
4091,42
4092,27
4093,33
4094,45
4095,81
4096,14
4097,21
4098,96
4099,19
4100,17
4101,41
4102,39
4103,33
4104,69
4105,51
4106,32
4107,19
4108,1
4109,42
4110,28
4111,4
4112,66
4113,32
4114,61
4115,47
4116,90
4117,87
4118,76
4119,93
4120,61
4121,71
4122,13
4123,57
4124,80
4125,72
4126,31
4127,32
4128,38
4129,42
4130,19
4131,80
4132,2
4133,24
4134,47
4135,22
4136,61
4137,14
4138,14
4139,97
4140,10
4141,48
4142,33
4143,1
4144,62
4145,81
4146,56
4147,31
4148,24
4149,39
4150,12
4151,1
4152,55
4153,66
4154,45
4155,17
4156,24
4157,95
4158,34
4159,27
4160,47
4161,83
4162,67
4163,57
4164,96
4165,85
4166,81
4167,91
4168,4
4169,97
4170,59
4171,53
4172,20
4173,1
4174,43
4175,45
4176,5
4177,25
4178,88
4179,18
4180,87
4181,10
4182,7
4183,80
4184,42
4185,32
4186,21
4187,1
4188,38
4189,38
4190,26
4191,84
4192,69
4193,40
4194,73
4195,79
4196,46
4197,45
4198,26
4199,8
4200,63
4201,48
4202,45
4203,59
4204,14
4205,86
4206,31
4207,34
4208,6
4209,23
4210,56
4211,53
4212,77
4213,8
4214,75
4215,87
4216,1
4217,28
4218,28
4219,60
4220,25
4221,76
4222,34
4223,41
4224,41
4225,5
4226,4
4227,21
4228,26
4229,29
4230,31
4231,21
4232,41
4233,18
4234,39
4235,8
4236,20
4237,45
4238,80
4239,40
4240,72
4241,13
4242,11
4243,66
4244,58
4245,5
4246,19
4247,98
4248,56
4249,53
4250,35
4251,87
4252,5
4253,24
4254,35
4255,13
4256,74
4257,95
4258,20
4259,19
4260,5
4261,10
4262,20
4263,86
4264,31
4265,12
4266,66
4267,1
4268,31
4269,35
4270,16
4271,12
4272,39
4273,26
4274,69
4275,40
4276,40
4277,42
4278,33
4279,3
4280,44
4281,45
4282,11
4283,7
4284,99
4285,28
4286,57
4287,28
4288,28
4289,22
4290,75
4291,27
4292,91
4293,20
4294,68
4295,74
4296,10
4297,13
4298,89
4299,46
4300,52
4301,49
4302,59
4303,6
4304,55
4305,17
4306,59
4307,60
4308,94
4309,50
4310,71
4311,74
4312,24
4313,38
4314,84
4315,21
4316,30
4317,87
4318,66
4319,74
4320,71
4321,53
4322,45
4323,45
4324,89
4325,15
4326,18
4327,22
4328,39
4329,61
4330,47
4331,95
4332,48
4333,21
4334,51
4335,30
4336,17
4337,40
4338,35
4339,22
4340,19
4341,25
4342,31
4343,43
4344,19
4345,13
4346,1
4347,83
4348,3
4349,52
4350,17
4351,86
4352,30
4353,10
4354,40
4355,54
4356,25
4357,64
4358,1
4359,95
4360,31
4361,91
4362,82
4363,81
4364,17
4365,30
4366,8
4367,41
4368,14
4369,70
4370,69
4371,86
4372,1
4373,79
4374,94
4375,14
4376,9
4377,83
4378,96
4379,67
4380,87
4381,16
4382,44
4383,52
4384,75
4385,67
4386,46
4387,62
4388,40
4389,75
4390,72
4391,52
4392,45
4393,40
4394,91
4395,32
4396,2
4397,47
4398,4
4399,45
4400,50
4401,92
4402,84
4403,5
4404,92
4405,94
4406,50
4407,20
4408,59
4409,11
4410,28
4411,31
4412,94
4413,80
4414,38
4415,96
4416,83
4417,15
4418,35
4419,40
4420,19
4421,69
4422,3
4423,3
4424,14
4425,45
4426,21
4427,25
4428,39
4429,19
4430,54
4431,88
4432,48
4433,18
4434,66
4435,45
4436,13
4437,42
4438,70
4439,35
4440,48
4441,56
4442,27
4443,55
4444,36
4445,57
4446,30
4447,5
4448,8
4449,47
4450,48
4451,4
4452,56
4453,74
4454,48
4455,30
4456,89
4457,28
4458,11
4459,7
4460,54
4461,92
4462,95
4463,5
4464,55
4465,22
4466,45
4467,5
4468,10
4469,70
4470,91
4471,88
4472,29
4473,59
4474,74
4475,79
4476,66
4477,45
4478,50
4479,95
4480,16
4481,82
4482,44
4483,16
4484,9
4485,66
4486,45
4487,48
4488,54
4489,54
4490,6
4491,72
4492,73
4493,46
4494,11
4495,78
4496,14
4497,45
4498,85
4499,38
4500,21
4501,11
4502,71
4503,15
4504,95
4505,89
4506,4
4507,9
4508,3
4509,15
4510,59
4511,87
4512,3
4513,42
4514,34
4515,66
4516,91
4517,61
4518,96
4519,41
4520,57
4521,38
4522,12
4523,74
4524,48
4525,99
4526,97
4527,93
4528,12
4529,1
4530,12
4531,38
4532,31
4533,86
4534,4
4535,11
4536,94
4537,1
4538,4
4539,27
4540,50
4541,13
4542,37
4543,91
4544,82
4545,47
4546,53
4547,16
4548,6
4549,82
4550,19
4551,45
4552,38
4553,77
4554,54
4555,95
4556,6
4557,78
4558,21
4559,27
4560,12
4561,86
4562,14
4563,90
4564,52
4565,25
4566,68
4567,88
4568,82
4569,55
4570,68
4571,79
4572,25
4573,80
4574,3
4575,40
4576,100
4577,22
4578,31
4579,66
4580,53
4581,1
4582,18
4583,99
4584,4
4585,62
4586,71
4587,75
4588,52
4589,6
4590,51
4591,46
4592,31
4593,78
4594,35
4595,10
4596,21
4597,100
4598,35
4599,2
4600,21
4601,69
4602,33
4603,95
4604,66
4605,64
4606,28
4607,31
4608,66
4609,18
4610,75
4611,45
4612,43
4613,60
4614,22
4615,54
4616,53
4617,6
4618,95
4619,17
4620,69
4621,43
4622,78
4623,13
4624,19
4625,87
4626,31
4627,86
4628,13
4629,41
4630,36
4631,17
4632,24
4633,19
4634,15
4635,7
4636,38
4637,82
4638,20
4639,58
4640,33
4641,88
4642,50
4643,89
4644,79
4645,95
4646,31
4647,95
4648,33
4649,7
4650,23
4651,2
4652,47
4653,13
4654,38
4655,32
4656,51
4657,2
4658,12
4659,93
4660,38
4661,1
4662,21
4663,52
4664,30
4665,21
4666,45
4667,41
4668,6
4669,47
4670,24
4671,88
4672,58
4673,15
4674,81
4675,50
4676,40
4677,87
4678,58
4679,37
4680,49
4681,79
4682,6
4683,83
4684,46
4685,3
4686,18
4687,47
4688,13
4689,84
4690,55
4691,41
4692,26
4693,59
4694,80
4695,14
4696,87
4697,37
4698,52
4699,26
4700,59
4701,42
4702,74
4703,25
4704,13
4705,10
4706,68
4707,20
4708,49
4709,27
4710,66
4711,4
4712,29
4713,31
4714,6
4715,20
4716,1
4717,45
4718,52
4719,6
4720,33
4721,89
4722,86
4723,92
4724,21
4725,5
4726,79
4727,96
4728,11
4729,42
4730,95
4731,18
4732,9
4733,94
4734,78
4735,73
4736,60
4737,17
4738,10
4739,62
4740,45
4741,6
4742,38
4743,1
4744,4
4745,49
4746,20
4747,91
4748,22
4749,6
4750,95
4751,75
4752,62
4753,73
4754,41
4755,11
4756,32
4757,30
4758,70
4759,46
4760,24
4761,38
4762,58
4763,39
4764,97
4765,33
4766,19
4767,61
4768,66
4769,87
4770,73
4771,44
4772,68
4773,51
4774,3
4775,30
4776,11
4777,54
4778,70
4779,51
4780,59
4781,61
4782,39
4783,15
4784,9
4785,17
4786,22
4787,45
4788,89
4789,32
4790,26
4791,42
4792,33
4793,1
4794,94
4795,46
4796,56
4797,61
4798,86
4799,60
4800,56
4801,96
4802,68
4803,73
4804,49
4805,59
4806,41
4807,54
4808,67
4809,16
4810,52
4811,60
4812,70
4813,43
4814,90
4815,33
4816,49
4817,19
4818,83
4819,10
4820,55
4821,75
4822,61
4823,4
4824,7
4825,8
4826,41
4827,29
4828,99
4829,58
4830,2
4831,12
4832,18
4833,56
4834,31
4835,5
4836,26
4837,21
4838,34
4839,20
4840,41
4841,78
4842,5
4843,78
4844,88
4845,58
4846,15
4847,36
4848,88
4849,34
4850,72
4851,6
4852,71
4853,20
4854,18
4855,19
4856,39
4857,70
4858,11
4859,3
4860,59
4861,52
4862,22
4863,71
4864,89
4865,48
4866,27
4867,14
4868,78
4869,67
4870,86
4871,3
4872,30
4873,43
4874,41
4875,46
4876,48
4877,25
4878,62
4879,51
4880,42
4881,25
4882,44
4883,25
4884,13
4885,17
4886,37
4887,42
4888,74
4889,79
4890,10
4891,8
4892,38
4893,3
4894,39
4895,5
4896,18
4897,26
4898,64
4899,65
4900,19
4901,52
4902,54
4903,8
4904,59
4905,93
4906,14
4907,18
4908,49
4909,94
4910,89
4911,22
4912,12
4913,8
4914,87
4915,15
4916,83
4917,39
4918,54
4919,40
4920,72
4921,44
4922,41
4923,55
4924,41
4925,25
4926,82
4927,22
4928,88
4929,92
4930,47
4931,45
4932,12
4933,62
4934,52
4935,16
4936,88
4937,32
4938,92
4939,13
